Title,Link,Description,date
The construction and validation of a prediction model of hypertensive disease in pregnancy,https://www.nature.com/articles/s41598-025-98416-y,,2025-04-18
Association between plausible genetic factors and weight loss from GLP1-RA and bariatric surgery,https://www.nature.com/articles/s41591-025-03645-3,,2025-04-18
Delayed ambulation in adult patients after major abdominal surgery in Northwest Ethiopia: a multicenter prospective follow up study,https://www.nature.com/articles/s41598-025-97933-0,,2025-04-18
Association between dietary selenium intake and the risk of cardiovascular disease in US adults: a population-based study,https://www.nature.com/articles/s41598-025-97867-7,,2025-04-18
Longevity clinics around the world are selling unproven treatments,https://www.technologyreview.com/2025/04/18/1115372/longevity-clinics-selling-unproven-treatments/,"The quest for long, healthy life—and even immortality—is probably almost as old as humans are, but it’s never been hotter than it is right now. Today my newsfeed is full of claims about diets, exercise routines, and supplements that will help me live longer. A lot of it is marketing fluff, of course. It should…",2025-04-18
Helmholtz Health task force to strengthen prevention research and its translation globally,https://www.nature.com/articles/s41591-025-03590-1,,2025-04-18
Identity as the new perimeter: National Oilwell Varco’s approach to stopping the 79% of attacks that are malware-free,https://venturebeat.com/security/nov-cio-fused-ai-and-zero-trust-to-slash-threats-by-35x/,"NOV’s CIO led a cyber strategy fusing Zero Trust, AI, and airtight identity controls to cut threats by 35x and eliminating reimaging.",2025-04-18
Comparison between norepinephrine plus epinephrine and norepinephrine plus vasopressin after return of spontaneous circulation in patients with out-of-hospital cardiac arrest,https://www.nature.com/articles/s41598-025-96857-z,,2025-04-18
Automated pain detection using facial expression in adult patients with a customized spatial temporal attention long short-term memory (STA-LSTM) network,https://www.nature.com/articles/s41598-025-97885-5,,2025-04-18
Association between triglyceride glucose index and all-cause mortality in patients with critical atrial fibrillation in the MIMIC-IV database,https://www.nature.com/articles/s41598-025-96735-8,,2025-04-18
Real-world analyses of major adverse cardiovascular events and mortality risk after androgen deprivation therapy initiation in black vs. white prostate cancer patients,https://www.nature.com/articles/s41391-025-00963-y,,2025-04-18
Comparative analysis of indocyanine green dosages for optimal fluorescence imaging in laparoscopic cholecystectomy,https://www.nature.com/articles/s41598-025-97912-5,,2025-04-18
Therapeutic target prediction for orphan diseases integrating genome-wide and transcriptome-wide association studies,https://www.nature.com/articles/s41467-025-58464-4,,2025-04-18
Dual-channel knowledge attention for traditional Chinese medicine syndrome differentiation,https://www.nature.com/articles/s41598-025-96404-w,,2025-04-18
Endoscopic enucleation vs. robot-assisted simple prostatectomy for large prostates: a systematic review and meta-analysis of patients’ perspectives,https://www.nature.com/articles/s41391-025-00973-w,,2025-04-18
What Is The Technological Future Of Medication Management?,https://medicalfuturist.com/the-future-of-medication-management,"As healthcare steadily pivots towards digital health, what future do the relevant, novel technologies paint for medication management? The post What Is The Technological Future Of Medication Management? appeared first on The Medical Futurist.",2025-04-14
